Product_id,Product_name,Dosis Maxima N,SUPERFICIE_CATASTALE,%,ESPAÑOL,N
,BOSCO,0,38065741119,9.36%,Bosque,0
,USO NON AGRICOLO - TARE ED INCOLTI,0,32905761747,8.09%,Uso no agrícola - Terrenos baldíos e incultos,0
,PASCOLO POLIFITA (TIPO ALPEGGI),0,28141258557,6.92%,Pasto polifita (tipo alpino),0
,FOSSATI E CANALI,0,26875737515,6.61%,Fosos y canales,0
,GRANTURCO (MAIS) DA GRANELLA,280,22615146928,5.56%,Maíz para grano,
,MANUFATTI,0,21745434312,5.35%,Construcciones,0
,GRANTURCO (MAIS) - INSILATO,280,19851114565,4.88%,Maíz - Ensilado,
,PASCOLO POLIFITA (TIPO ALPEGGI) CON ROCCIA AFFIORANTE TARA 20%,120,18969263420,4.67%,Pasto polifita (tipo alpino) con roca aflorante Tara 20%,
,PASCOLO ARBORATO - TARA 50%,0,18196768556,4.48%,Pasto arbolado - Tara 50%,0
,USO NON AGRICOLO - ALTRO,0,16773172333,4.13%,Uso no agrícola - Otros,0
,USO NON AGRICOLO - FABBRICATI,0,15272893561,3.76%,Uso no agrícola - Edificaciones,0
,USO NON AGRICOLO - AREE NON COLTIVABILI,0,14272574975,3.51%,Uso no agrícola - Áreas no cultivables,0
,ERBA MEDICA - DA FORAGGIO,170,11138239371,2.74%,Alfalfa - Forraje,
,SIEPI E FASCE ALBERATE,0,9368696114,2.30%,Setos y franjas arboladas,0
,GRANO (FRUMENTO) TENERO,180,8544862197,2.10%,Trigo blando,
,SOIA - FAVE,30,7383099395,1.82%,Soja - Habas,
,PRATO POLIFITA,300,7044028081,1.73%,Pradera polifita,
,PASCOLO ARBORATO - CESPUGLIATO TARA 20%,120,6468433273,1.59%,Pasto arbolado - Arbustivo Tara 20%,
,PASCOLO POLIFITA (TIPO ALPEGGI) CON ROCCIA AFFIORANTE TARA 50%,75,5647959012,1.39%,Pasto polifita (tipo alpino) con roca aflorante Tara 50%,
,PRATO PASCOLO ,150,4531939878,1.12%,Pradera-pasto mixta,
,LOIETTO LOGLIO DA FORAGGIO,120,3711590136,0.91%,Ray-grass (Lolium) forrajero,
,ERBAIO MISTO,120,3546945697,0.87%,Mezcla de cereales forrajeros,
,UVA DA VINO,100,3401852074,0.84%,Uva para vino,
,RISONE LUNGO A,160,3314208552,0.82%,Arroz largo A,
,ORZO,150,3096094323,0.76%,Cebada,
,SUPERFICI AGRICOLE RITIRATE DALLA PRODUZIONE,0,2488476218,0.61%,Superficies agrícolas retiradas de la producción,0
,MARGINI DEI CAMPI SEMINABILI,0,2418302485,0.60%,Márgenes de los campos sembrables,0
,RISONE TONDO,160,2266317185,0.56%,Arroz redondo,
,PRATO POLIFITA - DA FORAGGIO,300,2255552026,0.56%,Pradera polifita - Forraje,
,GRANO (FRUMENTO) DURO,190,2248448958,0.55%,Trigo duro,
,GRANO (FRUMENTO) TENERO - DA FORAGGIO,180,2184879093,0.54%,Trigo blando - Forraje,
,MARGINI DEI CAMPI,0,1994920927,0.49%,Márgenes de los campos,
,"ALBERI DA BOSCO A BREVE ROTAZIONE, CON UN PERIODO DI COLTIVAZIONE MASSIMO DI 20 ANNI",0,1946115575,0.48%,Árboles forestales de rotación corta (máximo 20 años de cultivo),0
,GRUPPI DI ALBERI E BOSCHETTI,0,1856765072,0.46%,Grupos de árboles y bosquecillos,0
,SUPERFICI AGRICOLE RITIRATE DALLA PRODUZIONE-EFA - AREA DI INTERESSE ECOLOGICO,0,1836675196,0.45%,Superficies agrícolas retiradas de la producción - Áreas de interés ecológico,0
,FASCE TAMPONE RIPARIALI,0,1665798558,0.41%,Zonas tampón ribereñas,0
,RISONE,160,1588447647,0.39%,Arroz,
,ALTRE FORAGGERE ANNUALI,120,1445685061,0.36%,Otras forrajeras anuales,
,ERBAIO DI GRAMINACEE,120,1412584476,0.35%,Cereal forrajero,
,SUPERFICI SEMINABILI - COLTURE DA DEFINIRE,100,1228465058,0.30%,Superficies sembrables - Cultivos por definir,
,SORGO DA FORAGGIO,220,1163092590,0.29%,Sorgo forrajero,
,RISONE LUNGO B,160,1122407222,0.28%,Arroz largo B,
,POMODORO TONDO DA DESTINARE ALLA TRASFORMAZIONE,180,1065002511,0.26%,Tomate redondo para transformación,
,ERBAIO DI LEGUMINOSE,110,968975830,0.24%,Cereal forrajero de leguminosas,
,TRITICALE - DA FORAGGIO,150,943415591,0.23%,Triticale - Forraje,
,PIOPPETI ED ALTRE COLTIVAZIONI ARBOREE DA LEGNO - SPECIE NON DEFINITA,120,923266888,0.23%,Chopos y otros cultivos arbóreos para madera - especie no definida,
,TRITICALE,150,906750736,0.22%,Triticale,
,ORTIVE A PIENO CAMPO (su terreni produttivi con o senza copertura),180,746112697,0.18%,Hortalizas a campo abierto (en terrenos productivos con o sin cubierta),
,GRANTURCO (MAIS) - DA FORAGGIO,280,722354181,0.18%,Maíz - Forraje,
,SENAPE,150,690002148,0.17%,Mostaza,
,"MACERI, STAGNI E LAGHETTI",0,598338451,0.15%,"Lagunas, estanques y lagos pequeños",
,PIOPPI A ROTAZIONE RAPIDA,0,575782139,0.14%,Álamos de rotación rápida,0
,ORZO - DA FORAGGIO,150,560464200,0.14%,Cebada - Forraje,
,SORGO - DA FORAGGIO,220,546520310,0.13%,Sorgo - Forraje,
,SORGO DA GRANELLA,220,524822203,0.13%,Sorgo para grano,
,ALBERI IN FILARE,0,522018010,0.13%,Árboles en hilera,0
,MELONE,140,462421832,0.11%,Melón,
,MISCUGLIO DI AZOTOFISSATRICI - DA FORAGGIO,0,412488116,0.10%,Mezcla de plantas fijadoras de nitrógeno - para forraje,
,PISELLI ALLO STATO SECCO,30,403355221,0.10%,Guisantes en estado seco,
,PRATO PASCOLO DI GRAMINACEE,0,386972055,0.10%,Pradera-pasto de gramíneas,
,VIVAI FLORICOLI,#N/A,379976960,0.09%,Viveros de flores,
,COLTIVAZIONI ARBOREE SPECIALIZZATE,#N/A,379139630,0.09%,Cultivos arbóreos especializados,
,BARBABIETOLA DA ZUCCHERO,#N/A,364316211,0.09%,Remolacha azucarera,
,OLIVE DA OLIO,#N/A,336837993,0.08%,Olivo para aceite,
,RISONE MEDIO,#N/A,327352278,0.08%,Arroz medio,
,GIRASOLE - SEMI,#N/A,326755796,0.08%,Girasol - semillas,
,COLZA - SEMI,180,317302556,0.08%,Colza - semillas,
,ZUCCA,#N/A,268798382,0.07%,Calabaza,
,COCOMERO,300,254229389,0.06%,Sandía,
,MELE DA TAVOLA,#N/A,244752979,0.06%,Manzanas de mesa,
,PRATO PASCOLO POLIFITA - DA FORAGGIO,#N/A,211011140,0.05%,Pradera-pasto polifita - Forraje,
,PIANTE ARBOREE DA LEGNO,210,206132044,0.05%,Plantas arbóreas para madera,
,PISELLI ALLO STATO FRESCO,#N/A,204020159,0.05%,Guisantes frescos,
,ALBERI DA BOSCO - SUPERFICI IMBOSCHITE AI SENSI DEL REG.(CE) N.1257/99,210,197118553,0.05%,Árboles forestales - superficies reforestadas según el Reg.(CE) N.1257/99,
,ALBERI ISOLATI,70,195086500,0.05%,Árboles aislados,
,SUPERFICI AGRICOLE NON SEMINATE (NON IN PRODUZIONE - DISATTIVATE),#N/A,181205548,0.05%,Superficies agrícolas no sembradas (no en producción - Desactivadas),
,LATTUGA,150,176992174,0.04%,Lechuga,
,RISONE LUNGO A PER LA PRODUZIONE DI SEME (ORYZA SATIVA L.),#N/A,176554791,0.04%,Arroz largo A para la producción de semilla (Oryza sativa L.),
,PERE DA TAVOLA,#N/A,174216331,0.04%,Peras de mesa,
,ORTI FAMILIARI,#N/A,170681253,0.04%,Huertos familiares,
,CASTAGNO,#N/A,164407049,0.04%,Castaño,
,GRANO (FRUMENTO) TENERO PER LA PRODUZIONE DI SEME,190,161623301,0.04%,Trigo blando para la producción de semilla,
,VIVAI - ALTRI,180,158948896,0.04%,Viveros - otros,
,PANICO - DA FORAGGIO,#N/A,149104725,0.04%,Mijo cola de zorra - para forraje,
,TRIFOGLIO - DA FORAGGIO,#N/A,148084151,0.04%,Trébol - para forraje,
,GRANTURCO (MAIS) PER LA PRODUZIONE DI SEME,#N/A,146188014,0.04%,Maíz para producción de semilla,
,PRATI PERMANENTI NATURALI CON VINCOLI AMBIENTALI,#N/A,143493648,0.04%,Praderas naturales permanentes con restricciones ambientales,
,PIANTE ORTICOLE PROTETTE IN SERRE O TUNNEL FREDDI,#N/A,143355264,0.04%,Plantas hortícolas protegidas en invernaderos o túneles fríos,
,ACTINIDIA (KIWI),160,141978702,0.04%,Actinidia (kiwi),
,SORGO,#N/A,132215438,0.03%,Sorgo,
,PATATA,120,125058527,0.03%,Patata,
,SEGALA - DA FORAGGIO,#N/A,122036163,0.03%,Centeno - para forraje,
,SERRE FISSE,220,119018160,0.03%,Invernaderos fijos,
,GRANTURCO (MAIS) DOLCE,#N/A,117981396,0.03%,Maíz (elote) dulce,
,MARGINI (BORDI) DEI CAMPI,160,117067804,0.03%,Márgenes (bordes) de los campos,
,FRUTTETI FAMILIARI,#N/A,115619578,0.03%,Huertos frutales familiares,
,PESCA DA TAVOLA,150,115516494,0.03%,Melocotón de mesa,
,CILIEGIO,#N/A,106983470,0.03%,Cerezo,
,ALTRE COLTIVAZIONI A SEMINATIVI,150,104871112,0.03%,Otros cultivos de cereales en tierras de cultivo,
,POMODORO,#N/A,103987968,0.03%,Tomate,
,LOIETTO PER LA PRODUZIONE DI SEME (SP. LOLIUM MULTIFLORUM LAM.),280,98719708,0.02%,Hierba para producción de semilla (Sp. Lolium multiflorum Lam.),
,"MIRTILLI ROSSI, MIRTILLI NERI ED ALTRI FRUTTI DEL GENERE ""VACCINIUM""",#N/A,93072852,0.02%,"Arándanos rojos, arándanos negros y otros frutos del género ""Vaccinium""",
,LAMPONE,#N/A,86653412,0.02%,Frambuesa,
,FAGIOLINO,#N/A,79673126,0.02%,Judía verde,
,SUSINO,150,74515928,0.02%,Ciruelo,
,ALBICOCCO,#N/A,73957155,0.02%,Albaricoquero,
,CIPOLLA,220,73212732,0.02%,Cebolla,
,ZUCCHINO,#N/A,70624775,0.02%,Calabacín,
,CECI,160,68512702,0.02%,Garbanzo,
,MORE,#N/A,68388633,0.02%,Moras,
,MELO,#N/A,65457889,0.02%,Manzano,
,FAGIOLO,#N/A,65257951,0.02%,"Frijol (judía, alubia)",
,VECCIA SATIVA,#N/A,63333202,0.02%,Veza sativa,
,GRANO (FRUMENTO) DURO PER LA PRODUZIONE DI SEME,#N/A,62579569,0.02%,Trigo duro para la producción de semilla,
,ALTRE PIANTE ARBOREE DA FRUTTO,150,62431368,0.02%,Otras plantas arbóreas frutales,
,COLTIVAZIONI ARBOREE PROMISCUE (PIU' SPECIE ARBOREE),#N/A,62357437,0.02%,Cultivos arbóreos mixtos (varias especies arbóreas),
,SEGALA,#N/A,60161138,0.02%,Centeno,
,VITE,#N/A,59273751,0.02%,Vid,
,VECCE - DA FORAGGIO,#N/A,57317235,0.01%,Veza forrajera,
,COLZA E RAVIZZONE - SEMI,155,56066530,0.01%,Colza y nabicol - semillas,
,PIANTE ORNAMENTALI,130,55392543,0.01%,Plantas ornamentales,
,RAFANO,120,55165212,0.01%,Rábano,
,VALERIANA,#N/A,54951557,0.01%,Valeriana,
,AVENA - DA GRANELLA,#N/A,53608628,0.01%,Avena - para grano,
,FARRO,#N/A,53227931,0.01%,Espelta,
,FAGIOLO DA TRASFORMAZIONE,#N/A,53092756,0.01%,Frijol para transformación,
,VIVAI FORESTALI,#N/A,52008209,0.01%,Viveros forestales,
,"DOLCETTA (GALLINELLA, SONCINO, VALERIANELLA) - IV GAMMA",#N/A,51444857,0.01%,Canónigos - IV Gama,
,LATTUGA LATTUGHINO-IV GAMMA,#N/A,50730386,0.01%,Lechuga baby - IV Gama,
,NOCI COMUNI,#N/A,49598806,0.01%,Nueces comunes,
,NOCCIOLE,#N/A,48399468,0.01%,Avellanas,
,PRATI PERMANENTI NATURALI CON VINCOLI AMBIENTALI - TARA 20%,#N/A,48215817,0.01%,Praderas permanentes naturales con restricciones ambientales - Tara 20%,
,PRATI PERMANENTI NATURALI CON VINCOLI AMBIENTALI - TARA 50%,#N/A,48120591,0.01%,Praderas permanentes naturales con restricciones ambientales - Tara 50%,
,FRAGOLA,#N/A,48079440,0.01%,Fresa,
,FAVE E FAVETTE ALLO STATO SECCO,#N/A,47717481,0.01%,Habas y habitas en estado seco,
,FASCE TAMPONE NON RIPARIALI,#N/A,47345356,0.01%,Bandas tampón no ribereñas,
,ALBERI DA BOSCO - SUPERFICI IMBOSCHITE AI SENSI DEL REG.(CE) N. 1698/05,#N/A,47238472,0.01%,Árboles forestales - superficies forestales conforme al Reglamento (CE) N. 1698/05,
,SOIA - DA FORAGGIO,#N/A,46050715,0.01%,Soya - para forraje,
,PERO,#N/A,45938094,0.01%,Peral,
,INDIVIA O SCAROLA,#N/A,44800700,0.01%,Escarola o endibia,
,VECCE,#N/A,44327680,0.01%,Vetch (un tipo de leguminosa),
,VIVAI FRUTTICOLI,220,42163199,0.01%,Viveros frutícolas,
,VITE-DA CONSERVAZIONE,190,41994197,0.01%,Vid - para conservación,
,RUCOLA,#N/A,41270946,0.01%,Rúcula,
,RUCOLA-IV GAMMA,#N/A,40926506,0.01%,Rúcula - IV Gama,
,RISONE TONDO PER LA PRODUZIONE DI SEME (ORYZA SATIVA L.),210,38658245,0.01%,Arroz redondo para la producción de semilla (Oryza sativa L.),
,AVENA - DA FORAGGIO,#N/A,38082105,0.01%,Avena - para forraje,
,ORZO PER LA PRODUZIONE DI SEME,#N/A,37078478,0.01%,Cebada para la producción de semilla,
,CAVOLO,175,36534537,0.01%,Col (repollo),
,SPINACIO,70,36339874,0.01%,Espinaca,
,PANICO,#N/A,35685590,0.01%,Mijo cola de zorra,
,PRATO IN ROTOLO (TAPPETO ERBOSO),160,35453858,0.01%,Césped en rollo (alfombra herbosa),
,ALTRI CEREALI - DA FORAGGIO (ANCHE INSILATI),#N/A,34965755,0.01%,Otros cereales - para forraje (también ensilados),
,SPINACIO - IV GAMMA,#N/A,34276965,0.01%,Espinaca - IV Gama,
,RIBES NERO,#N/A,33100077,0.01%,Grosella negra,
,MIGLIO,70,31549449,0.01%,Mijo,
,OLIVO,120,30732386,0.01%,Olivo,
,VECCIA VILLOSA,135,30597919,0.01%,Veza vellosa,
,MISCUGLIO DI AZOTOFISSATRICI,160,29928740,0.01%,Mezcla de plantas fijadoras de nitrógeno,
,PIANTE AROMATICHE E MEDICINALI E SPEZIE,190,27771794,0.01%,Plantas aromáticas y medicinales y especias,
,RADICCHIO,#N/A,27453421,0.01%,Achicoria roja (radicchio),
,MELANZANA,#N/A,27333182,0.01%,Berenjena,
,BARBABIETOLA DA ZUCCHERO PER LA PRODUZIONE DI SEME,120,26958443,0.01%,Remolacha azucarera para producción de semilla,
,UVA DA MENSA,75,26824528,0.01%,Uva para mesa,
,PRATO PASCOLO DI LEGUMINOSE,#N/A,26753248,0.01%,Pradera de leguminosas para pastoreo,
,GRANO SARACENO,#N/A,26693293,0.01%,Trigo sarraceno,
,MIGLIO - DA FORAGGIO,#N/A,25852981,0.01%,Mijo - para forraje,
,FICO,#N/A,25705307,0.01%,Higo,
,CICORIA,#N/A,25416974,0.01%,Achicoria,
,PEPERONE,70,24165123,0.01%,Pimiento,
,RISONE LUNGO B PER LA PRODUZIONE DI SEME (ORYZA SATIVA L.),#N/A,23607951,0.01%,Arroz largo B para la producción de semilla (Oryza sativa L.),
,FAGIUOLO FRESCO,#N/A,23421646,0.01%,Frijol fresco,
,LOTO (KAKI),#N/A,22934393,0.01%,Caqui,
,FIORI DA SERRA (su terreni improduttivi),#N/A,22817376,0.01%,Flores de invernadero (en terrenos improductivos),
,PESCA NETTARINA,#N/A,22458380,0.01%,Durazno nectarina,
,"PATATA, DESTINATA ALLA FABBRICAZIONE DELLA FECOLA",#N/A,22273440,0.01%,"Patata, destinada a la fabricación de fécula",
,POMODORO TONDO DA MENSA,#N/A,22216567,0.01%,Tomate redondo para mesa,
,ASPARAGO,#N/A,22163501,0.01%,Espárrago,
,POMODORO ALLUNGATO DA DESTINARE ALLA TRASFORMAZIONE,#N/A,22042019,0.01%,Tomate alargado para transformación,
,SOIA PER LA PRODUZIONE DI SEME,#N/A,21985532,0.01%,Soja para la producción de semilla,
,"DOLCETTA (GALLINELLA, SONCINO, VALERIANELLA)",#N/A,20857726,0.01%,"Dolcetta (Gallinella, Soncino, Valerianella)",
,VIGNA CINESE,#N/A,20123066,0.01%,Vigna china,
,ERBA MEDICA PER LA PRODUZIONE DI SEME (SP. MEDICAGO SATIVA L. (VARIETA')),#N/A,20063650,0.01%,Alfalfa para producción de semilla (Sp. Medicago sativa L. (variedad)),
,BAMBU GIGANTE,#N/A,19727259,0.01%,Bambú gigante,
,CANAPA PER LA PRODUZIONE DI SEME (SP. CANNABIS SATIVA L.),#N/A,19703209,0.01%,Cáñamo para producción de semilla (Sp. Cannabis sativa L.),
,FRUMENTO SEGALATO - DA FORAGGIO,160,18744615,0.01%,Trigo segalado - para forraje,
,ARBORETO CONSOCIABILE (CON COLTIVAZIONI ERBACEE),#N/A,18680214,0.01%,Arboreto consociable (con cultivos herbáceos),
,POMODORO ALLUNGATO DA MENSA,#N/A,18093189,0.00%,Tomate alargado para mesa,
,CECE,#N/A,17479609,0.00%,Garbanzo,
,PISELLI - DA FORAGGIO,#N/A,17223958,0.00%,Guisante - para forraje,
,MISCUGLI DI COLTURE,#N/A,17178634,0.00%,Mezclas de cultivos,
,ARUNDO DONAX,#N/A,16866756,0.00%,Arundo donax (caña común),
,LAVANDA,#N/A,16758963,0.00%,Lavanda,
,BASILICO,#N/A,16718577,0.00%,Albahaca,
,FIORI E PIANTE ORNAMENTALI PROTETTE IN SERRE O TUNNEL CALDI,#N/A,16179875,0.00%,Flores y plantas ornamentales protegidas en invernaderos o túneles cálidos,
,BIETOLA,#N/A,16151177,0.00%,Remolacha,
,PRATI ARIDI - FORMAZIONI ERBOSE CON ORCHIDEE,#N/A,16120264,0.00%,Praderas áridas - Formaciones herbosas con orquídeas,
,ORTIVE SOTTO VETRO (su terreni improduttivi),#N/A,16118317,0.00%,Hortalizas bajo vidrio (en terrenos improductivos),
,GRANO (FRUMENTO) DURO - DA FORAGGIO,#N/A,15563971,0.00%,Trigo (frumento) duro - para forraje,
,ZAFFERANO,#N/A,14610535,0.00%,Azafrán,
,ALTRI FIORI A PIENO CAMPO (su terreni produttivi con o senza copertura),180,14370065,0.00%,Otros flores en campo abierto (en terrenos productivos con o sin cobertura),
,GRANTURCO (MAIS)DA POPCORN,125,14066816,0.00%,Maíz para palomitas,
,PISELLI DA ORTO,#N/A,13821738,0.00%,Guisantes de huerto,
,SIEPI E FILARI,#N/A,13702211,0.00%,Setos y filas,
,ERBAIO MISTO CON PREVALENZA DI LEGUMINOSE,#N/A,13441235,0.00%,Saco de hierbas mixtas con predominancia de leguminosas,
,ALTRE PIANTE INDUSTRIALI,#N/A,13087000,0.00%,Otras plantas industriales,
,SUPERFICI RITIRATE DALLA PRODUZIONE,#N/A,12856091,0.00%,Superficies retiradas de la producción,
,RIBES ROSSO,#N/A,12810664,0.00%,Grosella roja,
,"VIVAI DI ALBERI E ARBUSTI PER GIARDINI,PARCHI, STRADE E SCARPATE (COME PIANTE PER SIEPI,ROSAI,ALTRI ARBUSTI ORNAMENTALI CONIFERE ORNAMENTALI)COMPRESI I RELATIVI PORTAINNESTI E PIANTICELLE",#N/A,12693813,0.00%,"Viveros de árboles y arbustos para jardines, parques, calles y taludes (como plantas para setos, rosales, otros arbustos ornamentales, coníferas ornamentales) incluidos los portainjertos y plantitas relacionadas",
,GIRASOLE PER LA PRODUZIONE DI SEME,#N/A,12009200,0.00%,Girasol para la producción de semilla,
,MELOGRANO,#N/A,11830231,0.00%,Granado,
,RADICCHIO - IV GAMMA,#N/A,11791262,0.00%,Radicchio - IV gama,
,PRUGNE DA DESTINARE ALLA TRASFORMAZIONE,120,11581755,0.00%,Ciruelas destinadas a la transformación,
,SOIA - DA ORTO,200,11405007,0.00%,Soja - de huerto,
,CICORIA - IV GAMMA,#N/A,11259022,0.00%,Escarola - IV gama,
,TRITICALE PER LA PRODUZIONE DI SEME,#N/A,10823365,0.00%,Trigo triticale para producción de semilla,
,FINOCCHIO,#N/A,10588901,0.00%,Hinojo,
,PIANTE ORTICOLE PROTETTE IN SERRE O TUNNEL CALDI,150,10368603,0.00%,Plantas hortícolas protegidas en invernaderos o túneles cálidos,
,CORIANDOLO,#N/A,10136483,0.00%,Cilantro,
,CAVOLFIORE,#N/A,10077806,0.00%,Coliflor,
,PORRO,200,9813836,0.00%,Puerro,
,CANAPA GREGGIA O MACERATA,165,9780516,0.00%,Cáñamo crudo o macerado,
,CETRIOLO,#N/A,9749375,0.00%,Pepino,
,"PIANTE AROMATICHE (LAVANDA, MENTA, ZAFFERANO, ECC.)",#N/A,9543276,0.00%,"Plantas aromáticas (Lavanda, menta, azafrán, etc.)",
,"INSALATA, DIVERSA DALLA LATTUGA E DALLE CICORIE",#N/A,9351358,0.00%,"Lechuga, distinta de la lechuga común y las escarolas",
,FIORI E PIANTE ORNAMENTALI PROTETTE IN SERRE O TUNNEL FREDDI,#N/A,9292303,0.00%,Flores y plantas ornamentales protegidas en invernaderos o túneles fríos,
,GRANTURCO (MAIS),175,9240860,0.00%,Maíz,
,RIBES BIANCO,#N/A,9198518,0.00%,Grosella blanca,
,AGLIO,#N/A,9190532,0.00%,Ajo,
,COLZA PER LA PRODUZIONE DI SEME,210,8951008,0.00%,Colza para la producción de semilla,
,ALTRI CEREALI,#N/A,8931564,0.00%,Otros cereales,
,RISONE MEDIO PER LA PRODUZIONE DI SEME (ORYZA SATIVA L.),#N/A,8850915,0.00%,Arroz medio para la producción de semilla (Oryza sativa L.),
,FAGIOLINO DA ORTO,#N/A,8553607,0.00%,Judía verde,
,BAMBU,#N/A,8530751,0.00%,Bambú,
,VIVAI ORTICOLI,#N/A,8461969,0.00%,Viveros hortícolas,
,FAVINO,#N/A,8394424,0.00%,Favino,
,CANNA CINESE (MISCANTHUS SINENSIS),#N/A,8360087,0.00%,Caña china (Miscanthus sinensis),
,PISELLI PER LA PRODUZIONE DI SEME (SP. PISUM SATIVUM L.),#N/A,8221179,0.00%,Guisantes para la producción de semilla (Sp. Pisum sativum L.),
,PAULOWNIA TOMENTOSA,#N/A,7938944,0.00%,Paulownia tomentosa,
,TASSO,#N/A,7458125,0.00%,Tejo,
,FRUTTA A GUSCIO - SPECIE NON DEFINITA,80,7428789,0.00%,Frutos de cáscara - especies no definidas,
,PEPERONCINO PEPERETTA,#N/A,7418125,0.00%,Pimiento picante pequeño,
,VIVAI FLORICOLI /ORNAMENTALI,#N/A,7385708,0.00%,Viveros florales / ornamentales,
,PREZZEMOLO,#N/A,7114160,0.00%,Perejil,
,RAVANELLO,#N/A,6951295,0.00%,Rábano,
,TARTUFO,#N/A,6823300,0.00%,Trufa,
,ROBINIA,#N/A,6797410,0.00%,Robinia (Acacia de flor),
,FAVE E FAVETTE - DA FORAGGIO,#N/A,6695428,0.00%,Habas y habas pequeñas - para forraje,
,ROSA CANINA,#N/A,6299975,0.00%,Rosa mosqueta,
,LINO - SEMI,#N/A,6243377,0.00%,Lino - semillas,
,FACELIA,190,6217866,0.00%,Facelia,
,CAROTA,#N/A,6215333,0.00%,Zanahoria,
,UVA DA VINO-DA CONSERVAZIONE,#N/A,6177922,0.00%,Uva para vino - para conservación,
,MANDORLE,#N/A,6116856,0.00%,Almendras,
,FASCE TAMPONE,#N/A,6115430,0.00%,Bandas tampón,
,COTOGNO,#N/A,6095604,0.00%,Membrillo,
,GELSO,#N/A,6069758,0.00%,Morera,
,MELISSA,#N/A,5984566,0.00%,Melisa,
,GIRASOLE,#N/A,5921634,0.00%,Girasol,
,ROSMARINO,#N/A,5800016,0.00%,Romero,
,RAVIZZONE - SEMI,#N/A,5781228,0.00%,Raveza - semillas,
,SEDANO,#N/A,5606659,0.00%,Apio,
,PERE DA TRASFORMAZIONE,#N/A,4946292,0.00%,Peras para transformación,
,SALVIA,#N/A,4861624,0.00%,Salvia,
,MENTA,#N/A,4816196,0.00%,Menta,
,ECHINACEA PURPUREA,#N/A,4800301,0.00%,Equinácea púrpura,
,BARBABIETOLA DA ORTO,#N/A,4665991,0.00%,Remolacha de huerto,
,LENTICCHIE,#N/A,4650678,0.00%,Lentejas,
,POMODORINO DA MENSA,240,4422222,0.00%,Tomatito para mesa,
,CIPOLLETTA  CIPOLLA D'INVERNO DA ORTO,#N/A,4404073,0.00%,Cebolleta cebolla de invierno de huerto,
,PESCA DA TRASFORMAZIONE,#N/A,4387994,0.00%,Durazno para transformación,
,PIANTE AROMATICHE MEDICINALI E SPEZIE,210,4358699,0.00%,Plantas aromáticas medicinales y especias,
,ACHILLEA,125,4319093,0.00%,Achilea,
,OKRA o OCRA o GOMBO  DA ORTO,#N/A,4278989,0.00%,Okra o quimbombó de huerto,
,ALTRI ORTAGGI,160,4195757,0.00%,Otros vegetales,
,ROCCIA,#N/A,4131395,0.00%,Roca,
,FUNGHI,#N/A,4029481,0.00%,Hongos,
,GIRASOLE - DA FORAGGIO,#N/A,4013897,0.00%,Girasol - para forraje,
,PASSIFLORA ANNUALE,280,4007627,0.00%,Pasiflora anual,
,NESPOLO,#N/A,3945860,0.00%,Níspero,
,LOIETTO PER LA PRODUZIONE DI SEME (SP. LOLIUM X BOUCHEANUM KUNT.),170,3927718,0.00%,Hierba para producción de semilla (Sp. Lolium x boucheanum Kunt.),
,PIOPPO BIANCO,#N/A,3908180,0.00%,Álamo blanco,
,POMODORINO DA DESTINARE ALLA TRASFORMAZIONE,#N/A,3754195,0.00%,Tomatito destinado a la transformación,
,MALVA,#N/A,3708245,0.00%,Malva,
,CICORIA - RADICI DI CICORIA,#N/A,3675891,0.00%,Escarola - raíces de escarola,
,VIGNETO SPERIMENTALE PER UVA DA VINO,#N/A,3646261,0.00%,Viñedo experimental para uva de vino,
,CAMOMILLA,#N/A,3628202,0.00%,Manzanilla,
,TEFF DA GRANELLA,#N/A,3360408,0.00%,Teff para grano,
,LYCIUM BARBARUM (GOJI),#N/A,3347615,0.00%,Lycium barbarum (Goji),
,FAVA FRESCA,#N/A,3339909,0.00%,Haba fresca,
,ABETE,#N/A,3310907,0.00%,Abeto,
,BROCCOLO,#N/A,3218527,0.00%,Brócoli,
,CARCIOFO,#N/A,3150455,0.00%,Alcachofa,
,BROCCOLETTO DI RAPA,#N/A,3131522,0.00%,Brócoli de nabo,
,TIMO,#N/A,3127873,0.00%,Tomillo,
,LUPPOLO,110,3126348,0.00%,Lúpulo,
,FAVA (FAVETTA),105,3069714,0.00%,Haba (habita pequeña),
,"BIETOLA (Compresa  la CHELTENHAM BEET, BARBABIETOLA ROSSA/BIETOLA DA COSTA) - IV GAMMA",#N/A,2968204,0.00%,"Remolacha (incluyendo la Cheltenham beet, remolacha roja/remolacha de costa) - IV gama",
,COLTIVAZIONI ARBOREE PERMANENTI SOGGETTE A DIVIETO DI FERTILIZZAZIONE E DI TRATTAMENTO FITOSANITARIO  LUNGO I CORSI D’ACQUA,#N/A,2965616,0.00%,Cultivos arbóreos permanentes sujetos a prohibición de fertilización y tratamiento fitosanitario a lo largo de los cursos de agua,
,ECHINACEA ANGUSTIFOLIA,#N/A,2733739,0.00%,Equinácea angustifolia,
,MENTA PIPERITA,#N/A,2641417,0.00%,Menta piperita,
,BARBABIETOLA DA ORTO PER LA PRODUZIONE DI SEME,#N/A,2631860,0.00%,Remolacha de huerto para la producción de semilla,
,MOLINIETI - MOLINIA CAERULEA,#N/A,2623032,0.00%,Molinetes - Molinia caerulea,
,PISELLO,#N/A,2588394,0.00%,Guisante,
,GINEPRO,70,2572354,0.00%,Enebro,
,SAMBUCO,#N/A,2571185,0.00%,Saúco,
,ECHINACEA PALLIDA,#N/A,2539004,0.00%,Equinácea pálida,
,CAVOLO RAPA,#N/A,2518024,0.00%,Colinabo,
,"BIETOLA (Compresa  la CHELTENHAM BEET, BARBABIETOLA ROSSA/BIETOLA DA COSTA) DA FORAGGIO",#N/A,2456296,0.00%,"Acelga (incluida la Cheltenham Beet, remolacha roja/australiana para forraje)",
,PRUGNOLO,#N/A,2454037,0.00%,Endrino,
,LATTUGA LATTUGHINO PER LA PRODUZIONE DI SEME,120,2390295,0.00%,Lechuga para la producción de semilla,
,ERBAIO DI GRAMINACEE/USO ENERGETICO,#N/A,2372060,0.00%,Saco de gramíneas/uso energético,
,PINO MUGO,#N/A,2302702,0.00%,Pino mugo,
,SALICE,290,2276415,0.00%,Sauce,
,MURETTI TRADIZIONALI,#N/A,2262506,0.00%,Muros tradicionales,
,PILOSELLA,#N/A,2237230,0.00%,Pilosela,
,TIGLIO,#N/A,2236757,0.00%,Tilo,
,FAGIOLO DALL'OCCHIO,#N/A,2235930,0.00%,Frijol ojo de cabra,
,TRITORDEUM - INSILATO,#N/A,2162990,0.00%,Tritordeum - silo,
,BARBABIETOLA - DA FORAGGIO PER LA PRODUZIONE DI SEME,#N/A,2161281,0.00%,Remolacha - para forraje para producción de semilla,
,CAVOLO - IV GAMMA,#N/A,2145962,0.00%,Col - IV gama,
,MELE DA TRASFORMAZIONE,#N/A,2143826,0.00%,Manzanas para transformación,
,BASILICO SANTO,#N/A,2026472,0.00%,Albahaca santa,
,USO FORESTALE (BOSCHI) - MACROUSO,#N/A,2013230,0.00%,Uso forestal (bosques) - Uso macroscópico,
,LOIETTO PER LA PRODUZIONE DI SEME (SP. LOLIUM PERENNE L.),#N/A,2000093,0.00%,Hierba para producción de semilla (Sp. Lolium perenne L.),
,MENTA DOLCE,#N/A,1973807,0.00%,Menta dulce,
,TRITORDEUM,#N/A,1958738,0.00%,Tritordeum,
,TOPINAMBUR,#N/A,1953591,0.00%,Alcachofa de Jerusalén,
,ORTICA,#N/A,1949556,0.00%,Ortiga,
,ARONIA NERA,#N/A,1939830,0.00%,Aronia negra,
,"CILIEGIO ACIDO (MARASCA,VISCIOLA,AMARENA)",#N/A,1938827,0.00%,"Cerezo ácido (marasca, guinda, cereza amarga)",
,GIUGGIOLO,#N/A,1903030,0.00%,Azufaifo,
,ERBAIO MISTO/USO ENERGETICO,#N/A,1901316,0.00%,Saco de hierbas mixtas/uso energético,
,VIVAI VITICOLI,#N/A,1884263,0.00%,Viveros vitícolas,
,SCALOGNI,#N/A,1872524,0.00%,Escalonia,
,ESCOLZIA,#N/A,1847105,0.00%,Eschscholzia,
,PASCOLO CON PRATICHE TRADIZIONALI TARA 50%,#N/A,1827008,0.00%,Pasto con prácticas tradicionales Tara 50%,
,CARTAMO,#N/A,1720695,0.00%,Cártamo,
,CAVE DA PIETRA,#N/A,1690390,0.00%,Canteras de piedra,
,SILFIO (PIANTA DI COPPO)  Silphium perfoliatum,#N/A,1635134,0.00%,Silfio (planta de copa) Silphium perfoliatum,
,LEGUMINOSE DA GRANELLA,#N/A,1634155,0.00%,Leguminosas de grano,
,FESTUCA PER LA PRODUZIONE DI SEME (SP. FESTUCA ARUNDINACEA SCHREB.),#N/A,1630257,0.00%,Festuca para la producción de semilla (esp. Festuca arundinacea Schreb.),
,ORTIVE ALL'APERTO IN ORTO INDUSTRIALE,#N/A,1626860,0.00%,Cultivos al aire libre en huerto industrial,
,ZUCCHINO PER LA PRODUZIONE DI SEME,#N/A,1614212,0.00%,Calabacín para producción de semilla,
,"FILIPENDULA,  ULMARIA",#N/A,1592900,0.00%,"Filipéndula, ulmaria",
,PARTENIO,#N/A,1581760,0.00%,Partenio,
,GINESTRINO,#N/A,1578915,0.00%,Genestino,
,"PIANTE, PARTI DI PIANTE, SEMI E FRUTTI, DELLE SPECIE UTILIZZATE PRINCIPALMENTE IN PROFUMERIA, IN MEDICINA O NELLA PREPARAZIONE DI INSETTICIDI, ANTIPARASSITARI O SIMILI, ECCETTO LAVANDA, LAVANDINA,SALVIA - PLURIENNALE",#N/A,1562981,0.00%,"Plantas, partes de plantas, semillas y frutos, de especies utilizadas principalmente en perfumería, medicina o en la preparación de insecticidas, antiparasitarios o similares, excepto lavanda, lavandina, salvia - perennes",
,CHENOPODIUM QUINOA,#N/A,1558198,0.00%,Quinua,
,CORIANDOLO PER LA PRODUZIONE DI SEME,#N/A,1547338,0.00%,Cilantro para la producción de semilla,
,TRIFOGLIO PER LA PRODUZIONE DI SEME (SP. TRIFOLIUM SQUARROSUM L.),#N/A,1545507,0.00%,Trébol para la producción de semilla (esp. Trifolium squarrosum L.),
,"BIETOLA (Compresa  la CHELTENHAM BEET, BARBABIETOLA ROSSA/BIETOLA DA COSTA)DA ORTO PER LA PRODUZIONE DI SEME",#N/A,1504024,0.00%,"Remolacha (incluyendo la Cheltenham beet, remolacha roja/remolacha de costa) de huerto para producción de semilla",
,UVA SPINA,#N/A,1478579,0.00%,Grosella espinosa,
,CALENDULA,#N/A,1453997,0.00%,Caléndula,
,FETTUCCIA D'ACQUA (PHALARIS ARUNDICEA),#N/A,1453398,0.00%,Fetuccia de agua (Phalaris arundinacea),
,PSILLO O PLANTAGO OVATA,#N/A,1441241,0.00%,Psilio o Plantago ovata,
,PIANTAMADRE DI PORTAINNESTI,#N/A,1411746,0.00%,Planta madre de portainjertos,
,RABARBARO,#N/A,1411017,0.00%,Ruibarbo,
,PLATANO,#N/A,1390675,0.00%,Plátano,
,VIOLA TRICOLOR,#N/A,1384617,0.00%,Viola tricolor,
,ALTRE DRUPACEE,#N/A,1311191,0.00%,Otras drupas,
,ROSA,#N/A,1287055,0.00%,Rosa,
,LUPINI - SEMI DI LUPINI DOLCI,#N/A,1283287,0.00%,Lupinos - semillas de lupinos dulces,
,TRIFOGLIO PER LA PRODUZIONE DI SEME (SP. TRIFOLIUM ALEXANDRINUM L.),120,1248924,0.00%,Trébol para la producción de semilla (Sp. Trifolium alexandrinum L.),
,BABY LEAF - IV GAMMA,#N/A,1244156,0.00%,Baby leaf - IV gama,
,ACERO,#N/A,1235238,0.00%,Arce,
,ORIGANO,#N/A,1220425,0.00%,Orégano,
,TARASSACO,#N/A,1210473,0.00%,Diente de león,
,ALTRE POMACEE,#N/A,1182298,0.00%,Otras pomáceas,
,BRASSICA CARINATA  (CAVOLO ABISSINO),#N/A,1163920,0.00%,Brassica carinata (col rizada abisinia),
,LINO DA FIBRA,#N/A,1153832,0.00%,Lino de fibra,
,SORGO PER LA PRODUZIONE DI SEME,#N/A,1137546,0.00%,Sorgo para la producción de semilla,
,VIVAI OLIVICOLI,#N/A,1117387,0.00%,Viveros olivicultores,
,VECCIA PER LA PRODUZIONE DI SEME (SP. VICIA VILLOSA ROTH.),#N/A,1100018,0.00%,Veza para la producción de semilla (esp. Vicia villosa Roth.),
,ALCHECHENGI,#N/A,1078886,0.00%,Alquejenje (Physalis),
,VERBENA OFFICINALE,#N/A,1030624,0.00%,Verbena officinalis,
,ERBA MAZZOLINA PER LA PRODUZIONE DI SEME (SP. DACTYLIS GLOMERATA L.),#N/A,1019490,0.00%,Hierba mazolina para la producción de semilla (esp. Dactylis glomerata L.),
,CORBEZZOLO,#N/A,1016715,0.00%,Madroño,
,CARPINO,#N/A,1002816,0.00%,Carpe,
,ZUCCA LAGENARIA,#N/A,1000640,0.00%,Calabaza lagenaria,
,MISCUGLI DI LEGUMI,#N/A,988893,0.00%,Mezclas de legumbres,
,CIPOLLA PER LA PRODUZIONE DI SEME,#N/A,988695,0.00%,Cebolla para la producción de semilla,
,CAVOLO - DA FORAGGIO,#N/A,948441,0.00%,Col - para forraje,
,MELILOTO,#N/A,903696,0.00%,Meliloto,
,SANTOREGGIA MONTANA,#N/A,897269,0.00%,Santorregia montana,
,TRIFOGLIO PER LA PRODUZIONE DI SEME (SP. TRIFOLIUM INCARNATUM L.),#N/A,894030,0.00%,Trébol para la producción de semilla (Sp. Trifolium incarnatum L.),
,GRANO TURANICUM O FRUMENTO ORIENTALE O GRANO KHORASAN,#N/A,893067,0.00%,Trigo turánico o trigo oriental o trigo Khorasan,
,PATATA AMERICANA (BATATA),#N/A,864720,0.00%,Batata,
,SENAPE BRUNA,#N/A,850905,0.00%,Mostaza marrón,
,CAVOLO VERZA,#N/A,849634,0.00%,Col rizada,
,OLIVELLO O OLIVELLO SPINOSO,#N/A,842962,0.00%,Espino amarillo o espino cerval de mar,
,IPERICO,#N/A,838584,0.00%,Hipérico,
,BORRAGINE,#N/A,824673,0.00%,Borraja,
,CARDI,#N/A,806954,0.00%,Cardos,
,ACCA SELLOWIANA O FEJIOIA SELLOWIANA,#N/A,805667,0.00%,Feijoa (guayaba brasileña),
,GRANO SARACENO - DA FORAGGIO,#N/A,791914,0.00%,Trigo sarraceno - para forraje,
,MELONE PER LA PRODUZIONE DI SEME,#N/A,767564,0.00%,Melón para la producción de semilla,
,ALLORO,#N/A,765586,0.00%,Laurel,
,"PIANTE DA PIENA ARIA VIVACI PLURIENNALI (AD ESEMPIO, MISCANTHUS SINENSIS)",#N/A,765274,0.00%,"Plantas vivaces perennes de pleno aire (por ejemplo, Miscanthus sinensis)",
,CAMELINA o DORELLA  COLTIVATA,#N/A,757976,0.00%,Camelina o Dorella cultivada,
,CILIEGIO SELVATICO,#N/A,753724,0.00%,Cerezo silvestre,
,SULLA - DA FORAGGIO,#N/A,748031,0.00%,Alfalfa - de forraje,
,PASSIFLORA PLURIENNALE,#N/A,744291,0.00%,Pasiflora perenne,
,FARNIA,#N/A,739037,0.00%,Encina,
,LINO - DA FORAGGIO,#N/A,733322,0.00%,Lino - de forraje,
,PERO SELVATICO,#N/A,724858,0.00%,Peral salvaje,
,CECE PER LA PRODUZIONE DI SEME,#N/A,716406,0.00%,Garbanzo para la producción de semilla,
,VECCIA PER LA PRODUZIONE DI SEME (SP. VICIA SATIVA L.),#N/A,715402,0.00%,Veza para la producción de semilla (esp. Vicia sativa L.),
,LUPINELLA - DA FORAGGIO,#N/A,704792,0.00%,Lupinera - de forraje,
,PEPERETTA,#N/A,700714,0.00%,Pimiento picante,
,OLIVE DA TAVOLA,#N/A,696960,0.00%,Aceitunas de mesa,
,ISSOPO,#N/A,695595,0.00%,Hisopo,
,TARTUFO DI PRATO,#N/A,688360,0.00%,Trufa de pradera,
,FAGIOLO PER LA PRODUZIONE DI SEME,#N/A,684028,0.00%,Frijol para la producción de semilla,
,CIPOLLINA,#N/A,677390,0.00%,Cebolleta,
,PEONIA,#N/A,671323,0.00%,Peonía,
,SOIA DA ORTO,#N/A,653722,0.00%,Soja de huerto,
,FESTUCA DA FORAGGIO (SP. FESTUCA ARUNDINACEA SCHREB.),#N/A,641282,0.00%,Festuca para forraje (Sp. Festuca arundinacea Schreb.),
,FARRO PER LA PRODUZIONE DI SEME,#N/A,641185,0.00%,Espelta para la producción de semilla,
,ACACIA SALIGNA,#N/A,640872,0.00%,Acacia saligna,
,TRIFOGLIO PER LA PRODUZIONE DI SEME (SP. TRIFOLIUM PRATENSE L.),#N/A,633638,0.00%,Trébol para la producción de semilla (esp. Trifolium pratense L.),
,"PIANTE, PARTI DI PIANTE, SEMI E FRUTTI, DELLE SPECIE UTILIZZATE PRINCIPALMENTE IN PROFUMERIA, IN MEDICINA O NELLA PREPARAZIONE DI INSETTICIDI, ANTIPARASSITARI O SIMILI, ECCETTO LAVANDA, LAVANDINA,SALVIA - ANNUALE",#N/A,625066,0.00%,"Plantas, partes de plantas, semillas y frutos, de especies utilizadas principalmente en perfumería, medicina o en la preparación de insecticidas, antiparasitarios o similares, excepto lavanda, lavandina, salvia - anuales",
,ERBAIO MISTO CON PREVALENZA DI LEGUMINOSE/USO ENERGETICO,#N/A,623028,0.00%,Saco de hierbas mixtas con predominancia de leguminosas/uso energético,
,ROVERE,#N/A,621583,0.00%,Roble,
,CAVOLO CINESE,#N/A,610441,0.00%,Col china,
,SORBO,#N/A,593972,0.00%,Sorbo,
,MAGGIORANA,#N/A,573530,0.00%,Mejorana,
,PINO D'ALEPPO,#N/A,568890,0.00%,Pino de Alepo,
,ALTEA,#N/A,566566,0.00%,Altea,
,GRANTURCO (MAIS) DOLCE PER LA PRODUZIONE DI SEME,#N/A,562804,0.00%,Maíz dulce para la producción de semilla,
,BARBATELLE INNESTATE,#N/A,555620,0.00%,Plantones injertados,
,FESTUCA PER LA PRODUZIONE DI SEME (SP. FESTUCA PRATENSIS HUDS.),#N/A,554262,0.00%,Festuca para la producción de semilla (esp. Festuca pratensis Huds.),
,PIANTE ORNAMENTALI DA APPARTAMENTO,#N/A,539503,0.00%,Plantas ornamentales de interior,
,ARTEMISIA,160,536231,0.00%,Artemisa,
,ELICRISO,#N/A,526244,0.00%,Helichrysum,
,FESTUCA DA FORAGGIO (SP. FESTUCA PRATENSIS HUDS.),#N/A,524501,0.00%,Festuca para forraje (Sp. Festuca pratensis Huds.),
,PAPAVERO,#N/A,505129,0.00%,Amapola,
,VIGNETO SPERIMENTALE PER UVA DA TAVOLA,#N/A,498753,0.00%,Viñedo experimental para uva de mesa,
,FAVETTE PER LA PRODUZIONE DI SEME (SP. VICIA FABA L.),#N/A,491089,0.00%,Habas para la producción de semilla (esp. Vicia faba L.),
,ARACHIDI,#N/A,490125,0.00%,Cacahuetes,
,PINO DOMESTICO,#N/A,482728,0.00%,Pino doméstico,
,VIVAI FORESTALI COMMERCIALI COMPRESI ALBERI DI NATALE ESCLUSI VIVAI FORESTALI SITUATI IN FORESTA E DESTINATI AL FABBISOGNO DELL'AZIENDA,180,472658,0.00%,"Viveros forestales comerciales incluidos los árboles de Navidad, excluidos los viveros forestales situados en el bosque y destinados a las necesidades de la empresa",
,MIZUNA O BRASSICA RAPA,#N/A,465396,0.00%,Mizuna o Brassica rapa,
,CRISANTEMO,#N/A,459528,0.00%,Crisantemo,
,LIMONE,#N/A,452080,0.00%,Limón,
,ROVERELLA,#N/A,442967,0.00%,Roble (Quercus pubescens),
,AGRUMI (SPECIE NON DEFINITA),#N/A,442741,0.00%,Cítricos (especies no definidas),
,PIANTE MADRI PER MARZE,#N/A,434320,0.00%,Plantas madre para esquejes,
,FAGIOLINO PER LA PRODUZIONE DI SEME,#N/A,432811,0.00%,Frijolito para la producción de semilla,
,ARNICA,#N/A,432709,0.00%,Árnica,
,FIENO GRECO,#N/A,419598,0.00%,Heno griego,
,COLZA IBRIDA PER LA PRODUZIONE DI SEME,#N/A,401570,0.00%,Colza híbrida para la producción de semilla,
,SEDANO RAPA,70,387893,0.00%,Apio nabo,
,SPELTA PER LA PRODUZIONE DI SEME (SP. TRITICUM SPELTA L.),#N/A,384962,0.00%,Espelta para la producción de semilla (esp. Triticum spelta L.),
,"FRUTTI DELLA SPECIE ARONIA ARBUTIFOLIA, SPINO MERLO E SAMBUCO",#N/A,382362,0.00%,"Frutos de la especie Aronia arbutifolia, espino negro y saúco",
,AZZERUOLO,#N/A,377483,0.00%,Azero (Cotoneaster),
,POMODORINO,#N/A,375909,0.00%,Tomatito,
,ALTRI ORTAGGI PER LA PRODUZIONE DI SEME,#N/A,374095,0.00%,Otros vegetales para la producción de semilla,
,"PIANTE AROMATICHE - SPEZIE ESCLUSI ZENZERO, ZAFFERANO, CURCUMA, TIMO, FOGLIE DI ALLORO, CURRY E MISCUGLI",#N/A,356547,0.00%,"Plantas aromáticas - especias excluyendo jengibre, azafrán, cúrcuma, tomillo, hojas de laurel, curry y mezclas",
,BANANO DEL NORD,#N/A,349182,0.00%,Plátano del norte,
,TEFF PER LA PRODUZIONE DI SEME,#N/A,342500,0.00%,Teff para la producción de semilla,
,FRASSINO,#N/A,329931,0.00%,Fresno,
,MIRTO,#N/A,323451,0.00%,Mirto,
,ERBAIO DI LEGUMINOSE/USO ENERGETICO,#N/A,308828,0.00%,Hierba de leguminosas/uso energético,
,BIANCOSPINO,#N/A,306561,0.00%,Espino al mar,
,CICORIA PER LA PRODUZIONE DI SEME,#N/A,293083,0.00%,Achicoria para la producción de semilla,
,CACO MELA,#N/A,291984,0.00%,Caqui manzana,
,GUADERELLA o LUTEOLA,#N/A,286190,0.00%,Guaderella o luteola,
,UVA DA TRASFORMAZIONE,#N/A,273254,0.00%,Uva para transformación,
,AVENA PER LA PRODUZIONE DI SEME,#N/A,267392,0.00%,Avena para la producción de semilla,
,PASSIFLORA (MARACUJA o FRUTTO DELLA PASSIONE),#N/A,265559,0.00%,Passiflora (maracuyá o fruto de la pasión),
,PIOPPO NERO,#N/A,257937,0.00%,Alamo negro,
,SEGALA PER LA PRODUZIONE DI SEME,#N/A,252491,0.00%,Centeno para la producción de semilla,
,RUCOLA PER LA PRODUZIONE DI SEME,#N/A,249568,0.00%,Rúcula para la producción de semilla,
,PIANTAGGINE LANCEOLATA O LINGUA DI CANE,#N/A,244445,0.00%,Plantago lanceolata o lengua de perro,
,ZENZERO,#N/A,242601,0.00%,Jengibre,
,ROVEJA PISELLO SELVATICO,#N/A,241676,0.00%,Guisante silvestre,
,FESTUCA DA FORAGGIO (SP. FESTULOLIUM),#N/A,237707,0.00%,Festuca de forraje (esp. Festulolium),
,FIORDALISO,#N/A,235111,0.00%,Escabiosa,
,PIOPPO,#N/A,234717,0.00%,Álamo,
,LILIUM,#N/A,232000,0.00%,Lirio,
,RAPA,280,226877,0.00%,Nabo,
,ANETO,#N/A,223812,0.00%,Eneldo,
,CEDRO,#N/A,220433,0.00%,Cedro,
,LINO PER LA PRODUZIONE DI SEME (SP. LINUM USITATISSIMUM L. (LINO OLEOSO)),#N/A,219347,0.00%,Lino para la producción de semilla (esp. Linum usitatissimum L. (lino oleoso)),
,LIPPIA CITRIODORA O CEDRINA O LIMONCINA (ALOYSIA CITRODORA),#N/A,216254,0.00%,Lippia citriodora o cedrina o limoncina (Aloysia citrodora),
,GLADIOLO,#N/A,211825,0.00%,Gladiolo,
,SPINACIO PER LA PRODUZIONE DI SEME,#N/A,204304,0.00%,Espinaca para la producción de semilla,
,PIOPPO CANESCENTE o PIOPPO GRIGIO,#N/A,203826,0.00%,Alamo canoso o alamo gris,
,UVA URSINA,#N/A,203810,0.00%,Uva de oso,
,CARDO MARIANO (SILYBUM MARIANUM),#N/A,203539,0.00%,Cardo mariano (Silybum marianum),
,EQUISETO,#N/A,198534,0.00%,Equiseto,
,POMODORO PER LA PRODUZIONE DI SEME,#N/A,192215,0.00%,Tomate para la producción de semilla,
,AGRETTO,#N/A,191376,0.00%,Acelga,
,STEVIA REBAUDIANA,#N/A,189912,0.00%,Stevia rebaudiana,
,RAVANELLO PER LA PRODUZIONE DI SEME,#N/A,188150,0.00%,Rábano para la producción de semilla,
,"DIGITALIS LANATA, SECALE CORNUTUM E HYPERICUM PERFORATUM",#N/A,185759,0.00%,"Digitalis lanata, Secale cornutum e Hypericum perforatum",
,EVODIA O EUODIA O ALBERO DELLE API O ALBERO DEL MIELE,#N/A,178537,0.00%,Evodia o Euodia o Árbol de las abejas o Árbol de la miel,
,COCOMERO PER LA PRODUZIONE DI SEME,#N/A,172861,0.00%,Sandía para la producción de semilla,
,FIORI EDULI,#N/A,168328,0.00%,Flores comestibles,
,BETULLA,70,166961,0.00%,Abedul,
,CAROTA - DA FORAGGIO,#N/A,164949,0.00%,Zanahoria - para forraje,
,CANNA DA ZUCCHERO,#N/A,164890,0.00%,Caña de azúcar,
,ASSENZIO,#N/A,163817,0.00%,Ajenjo,
,SENAPE - IV GAMMA,#N/A,163322,0.00%,Mostaza - IV gama,
,CICERCHIA,#N/A,161024,0.00%,Cicerchia,
,LUFFA,#N/A,160760,0.00%,Luffa,
,LUFFA PER LA PRODUZIONE DI SEME,#N/A,160760,0.00%,Luffa para la producción de semilla,
,TRITORDEUM PER LA PRODUZIONE DI SEME,#N/A,158706,0.00%,Tritordeum para la producción de semilla,
,"PIANTE DA PIENA ARIA - ALTRE - EUPHORBIA LATHYRIS, SYLIBUM MARIANUM, POLYGONUM TINCTORIUM E ISATIS TINCTORIA",#N/A,156570,0.00%,"Plantas de pleno aire - otras - Euphorbia lathyris, Sylibum marianum, Polygonum tinctorium e Isatis tinctoria",
,BAGOLARO,#N/A,156304,0.00%,Almez,
,AVENA  ALTISSIMA PER LA PRODUZIONE DI SEME,#N/A,155793,0.00%,Avena altísima para la producción de semilla,
,FRUTTA FRESCA DI ORIGINE SUB-TROPICALE,#N/A,152716,0.00%,Frutas frescas de origen subtropical,
,BARBATELLE DA INNESTARE,#N/A,152637,0.00%,Plantones para injertar,
,RUSCUS,#N/A,150709,0.00%,Rusco,
,CAVOLO NERO,#N/A,142267,0.00%,Col negra,
,ARANCIO,#N/A,131593,0.00%,Naranjo,
,VISCIOLE,#N/A,128322,0.00%,Guindas,
,OLMO,#N/A,125080,0.00%,Olmo,
,FAGIOLO DALL'OCCHIO PER LA PRODUZIONE DI SEME,#N/A,124089,0.00%,Frijol ojo de cabra para la producción de semilla,
,MARGHERITA,#N/A,122980,0.00%,Margarita,
,LIQUIRIZIA,#N/A,120433,0.00%,Regaliz,
,SPELTA,#N/A,120375,0.00%,Espelta,
,"PIANTE AROMATICHE - SEMI DI ANICE, DI BADIANA, DI FINOCCHIO, DI CORIANDOLO, DI CUMINO O DI CARVI",#N/A,115036,0.00%,"Plantas aromáticas - Semillas de anís, de badiana, de hinojo, de cilantro, de comino o de alcarraza",
,KENAF,#N/A,113043,0.00%,Kenaf,
,ZUCCA PER LA PRODUZIONE DI SEME,#N/A,111969,0.00%,Calabaza para la producción de semilla,
,LUPINO - DA FORAGGIO,#N/A,111870,0.00%,Lupino - de forraje,
,POA PER LA PRODUZIONE DI SEME (SP. POA PRATENSIS L.),#N/A,110441,0.00%,Poa para la producción de semilla (esp. Poa pratensis L.),
,CIPOLLETTA  CIPOLLA D'INVERNO O BUNCHING ONION,#N/A,109970,0.00%,"Cebollita, cebolla de invierno o cebolla de ramillete",
,AVOCADO,#N/A,108020,0.00%,Aguacate,
,SEMENTI E PIANTINE PER SEMINATIVI,#N/A,104769,0.00%,Semillas y plantones para siembra,
,LOTO (KAKI) (compreso il caco mela),120,103886,0.00%,Loto (caqui) (incluido el caqui manzana),
,SILENE o SIRENE o STRIGOLI DA ORTO,#N/A,103245,0.00%,Silene o Sirene o Estrigolias de huerto,
,CASTAGNO DA MENSA,#N/A,100880,0.00%,Castaño para mesa,
,MENTUCCIA,#N/A,95559,0.00%,Menta poleo,
,ORCHIDEA,#N/A,94495,0.00%,Orquídea,
,FESTUCA PER LA PRODUZIONE DI SEME (SP. FESTULOLIUM),#N/A,93710,0.00%,Festuca para producción de semilla (Sp. Festulolium),
,CICLAMINO,#N/A,92148,0.00%,Ciclamen,
,RUSCO  PUNGITOPO,#N/A,92080,0.00%,Rusco o acebuche,
,ONTANO,#N/A,86479,0.00%,Aliso,
,GINKGO BILOBA,#N/A,84147,0.00%,Ginkgo biloba,
,FRASSINO MAGGIORE,#N/A,84100,0.00%,Fresno mayor,
,TERRAZZAMENTI,#N/A,82014,0.00%,Terrazas,
,SENAPE NERA,#N/A,79437,0.00%,Mostaza negra,
,POINSETTIA (STELLA DI NATALE),#N/A,79150,0.00%,Flor de Navidad (Poinsettia),
,ANICE COMUNE,#N/A,78565,0.00%,Anís común,
,AMARANTO,#N/A,78012,0.00%,Amaranto,
,EUCALIPTO,#N/A,76254,0.00%,Eucalipto,
,FAGGIO,#N/A,76192,0.00%,Haya,
,SPIRULINA,#N/A,72879,0.00%,Espirulina,
,SESAMO,#N/A,72275,0.00%,Sésamo,
,CARRUBE,#N/A,67117,0.00%,Algarrobo,
,FIENO GRECO da granella,#N/A,67090,0.00%,Heno griego de grano,
,JUTA o IUTA o CORCORO,#N/A,67090,0.00%,Yute o iuta o corcoro,
,GAROFANO,#N/A,66003,0.00%,Clavel,
,NAVONI RUTABAGA,#N/A,65282,0.00%,Nabos rutabaga,
,TABACCO,#N/A,63890,0.00%,Tabaco,
,PISTACCHI,#N/A,61980,0.00%,Pistachos,
,AREA A SEMINATIVO DEDICATA ALL'ELICICOLTURA,#N/A,60453,0.00%,Área de cultivo dedicada a la helicicultura,
,MARRUBIO O ROBBIO,#N/A,59901,0.00%,Marrubio o robio,
,CIPRESSO,#N/A,59730,0.00%,Ciprés,
,CAPPERO,#N/A,58576,0.00%,Alcaparra,
,CODA DI VOLPE PER LA PRODUZIONE DI SEME (SP. ARRHENATHERUM ELEATIUS L.),#N/A,58134,0.00%,Cola de zorro para la producción de semilla (esp. Arrhenatherum elatius L.),
,INDIVIA O SCAROLA  PER LA PRODUZIONE DI SEME,#N/A,57542,0.00%,Endibia o escarola para la producción de semilla,
,UVA DA MENSA-DA CONSERVAZIONE,#N/A,57062,0.00%,Uva de mesa - para conservación,
,PINO NERO,#N/A,54916,0.00%,Pino negro,
,SELVATICO DA INNESTARE DESTINATO A UVA DA TAVOLA - DA VIVAIO - NON PERMANENTE,#N/A,54280,0.00%,Silvestre para injertar destinado a uva de mesa - de vivero - no permanente,
,MOCO,180,52980,0.00%,Moco,
,FAVA (FAVA GROSSA),#N/A,52946,0.00%,Haba (haba grande),
,FLEOLO (CODA DI TOPO) PER LA PRODUZIONE DI SEME (SP. PHLEUM PRATENSE L.),#N/A,52883,0.00%,Fleolo (cola de ratón) para la producción de semilla (esp. Phleum pratense L.),
,CIPOLLETTA  CIPOLLA D'INVERNO DA SEME,#N/A,51800,0.00%,"Cebolleta, cebolla de invierno para semilla",
,AZALEA,#N/A,51300,0.00%,Azalea,
,LUPOLINA - DA FORAGGIO,#N/A,51194,0.00%,Lupulina - de forraje,
,PATATA DA SEME,#N/A,49865,0.00%,Patata de semilla,
,CRESCIONE DEI GIARDINI O CRESCIONE INGLESE,#N/A,49730,0.00%,Berro de jardín o berro inglés,
,ANETO PER LA PRODUZIONE DI SEME,#N/A,46874,0.00%,Eneldo para la producción de semilla,
,FINOCCHIO PER LA PRODUZIONE DI SEME,#N/A,46477,0.00%,Hinojo para la producción de semilla,
,ROBBIA DEI TINTORI,#N/A,46178,0.00%,Rubia de los tintoreros,
,NASTURZIO,#N/A,44030,0.00%,Nasturtium,
,FESTUCA INDURITA DA FORAGGIO,#N/A,44005,0.00%,Festuca endurecida de forraje,
,CAMELIA,#N/A,43165,0.00%,Camelia,
,PIANTAMADRE DI PORTAINNESTI - DA VIVAIO - NON PERMANENTE,#N/A,40250,0.00%,Planta madre de portainjertos - de vivero - no permanente,
,CARTAMO PER LA PRODUZIONE DI SEME,#N/A,39954,0.00%,Cártamo para la producción de semilla,
,GIAGGIOLO (IRIS) PALLIDA,#N/A,38637,0.00%,Iris pallida,
,SERRADELLA,#N/A,37960,0.00%,Serradella,
,POMPELMO,#N/A,37585,0.00%,Pomelo,
,CHINOTTO,#N/A,37530,0.00%,Naranjo amargo,
,PIOPPO TREMULO,#N/A,37111,0.00%,Álamo temblón,
,FESTUCA DA FORAGGIOE (SP. FESTUCA RUBRA L.),#N/A,36787,0.00%,Festuca de forraje (esp. Festuca rubra L.),
,VIVAI VITICOLI E VITI MADRI DI PORTAINNESTI,#N/A,36697,0.00%,Viveros vitícolas y viñas madre de portainjertos,
,FESTUCA INDURITA PER LA PRODUZIONE DI SEME,#N/A,36143,0.00%,Festuca endurecida para la producción de semilla,
,ANNONA CHERIMOLA (o CIRIMOIA o CHERIMOYA),#N/A,35085,0.00%,Annona cherimola (o chirimoia),
,KARCADE',#N/A,34250,0.00%,Hibisco,
,OKRA o OCRA o GOMBO  PER LA PRODUZIONE DI SEME,#N/A,32370,0.00%,Okra o quilete o gombo para la producción de semilla,
,GENZIANA,#N/A,32080,0.00%,Genciana,
,PASTINACA,#N/A,29825,0.00%,Pastinaca,
,BOCCA DI LEONE,#N/A,29080,0.00%,Boca de león,
,PIANTE GRASSE,#N/A,28885,0.00%,Plantas suculentas,
,RICINO,#N/A,28659,0.00%,Ricino,
,LECCIO,#N/A,28507,0.00%,Acebuche,
,TAGETE o GAROFANO INDIANO,#N/A,28190,0.00%,Tagetes o clavel indio,
,YUCCA (ALBERO DI GIOSUE'),#N/A,27935,0.00%,Yuca (árbol de Josué),
,CERRO,#N/A,26870,0.00%,Roble melojo (Quercus pyrenaica),
,ALOE,#N/A,26477,0.00%,Aloe,
,"PIANTE AROMATICHE - PIMENTI DEL GENERE CAPSICUM O DEL GENERE PIMENTA, ESSICCATI, TRITATI O POLVERIZZATI",#N/A,25916,0.00%,"Plantas aromáticas - Pimientos del género Capsicum o del género Pimenta, secos, triturados o pulverizados",
,TIGLIO NOSTRANO,#N/A,24980,0.00%,Tilo nativo,
,SALVIA PER LA PRODUZIONE DI SEME,#N/A,24010,0.00%,Salvia para la producción de semilla,
,OLEANDRO,#N/A,23606,0.00%,Adelfa,
,GIAGGIOLO O GIGLIO  BIANCO  IRIS FIORENTINA,200,23572,0.00%,Iris blanco o lirio florentino,
,GUALDO,#N/A,21240,0.00%,Ácido,
,SCORZONERA,#N/A,20478,0.00%,Escorzonera,
,BIRICOCCOLO SUSINCOCCO,#N/A,20279,0.00%,Ciruelo silvestre,
,BARDANA,#N/A,20225,0.00%,Bardana,
,UVA DA TRASFORMAZIONE-DA CONSERVAZIONE,#N/A,18796,0.00%,Uva para transformación - de conservación,
,VIBURNO,#N/A,18740,0.00%,Viburno,
,MANDARINO,#N/A,18642,0.00%,Mandarina,
,USO NON AGRICOLO - TARE,#N/A,17880,0.00%,Uso no agrícola - desechos,
,IPPOCASTANO O CASTAGNO D'INDIA,#N/A,17640,0.00%,Castaño de Indias,
,NOCCIOLE DA MENSA,#N/A,17012,0.00%,Avellanas de mesa,
,CAVOLO BROCCOLO,#N/A,16938,0.00%,Brócoli,
,GINESTRA,#N/A,15275,0.00%,Ginestra,
,FICODINDIA,#N/A,14811,0.00%,Higo chumbo,
,SCAGLIOLA,#N/A,14780,0.00%,Escagliola,
,TRIFOGLIO PER LA PRODUZIONE DI SEME (SP. TRIFOLIUM RESUPINATUM L.),#N/A,14692,0.00%,Trébol para la producción de semilla (esp. Trifolium resupinatum L.),
,PESCO,#N/A,13120,0.00%,Durazno,
,SELVATICO DA INNESTARE DESTINATO A UVA DA TAVOLA,#N/A,12690,0.00%,Silvestre para injertar destinado a uva de mesa,
,FESTUCA  A FOGLIE CAPILLARI - DA SEME,#N/A,11560,0.00%,Festuca de hojas capilares - de semilla,
,RANUNCOLO,#N/A,11360,0.00%,Ranúnculo,
,ENULA,#N/A,11280,0.00%,Elecampane,
,GRINDELIA,#N/A,11259,0.00%,Grindelia,
,"DOLCETTA PER LA PRODUZIONE DI SEME (GALLINELLA, SONCINO, VALERIANELLA)",#N/A,11220,0.00%,"Diente de león para la producción de semilla (gallineta, soncino, valeriana)",
,GALEGA O CAPRAGGINE,#N/A,11140,0.00%,Galega o cabragueña,
,PIANTAGGINE MAGGIORE O LINGUA D'OCA,#N/A,11140,0.00%,Plantago mayor o lengua de oca,
,BARBATELLE INNESTATE - DA VIVAIO - NON PERMANENTE,#N/A,10525,0.00%,Plantones injertados - de vivero - no permanente,
,SUGHERA QUERCIA DA SUGHERO,#N/A,10396,0.00%,"Alcornoque, encina de corcho",
,POA ANNUA - DA SEME,#N/A,8900,0.00%,Poa anual - de semilla,
,PESCO NETTARINA,#N/A,8755,0.00%,Nectarina,
,CARDO DEI LANAIOLI  O CARDO TESSILE,#N/A,8640,0.00%,Cardo de los tejedores o cardo textil,
,CARVI - CUMINO DEI PRATI,#N/A,8235,0.00%,Comino de los prados,
,SULLA PER LA PRODUZIONE DI SEME (SP. HEDYSARUM CORONARIUM L.),#N/A,8133,0.00%,Alfalfa para la producción de semilla (esp. Hedysarum coronarium L.),
,VIGNETO SPERIMENTALE PER UVA DA VINO-DA CONSERVAZIONE,#N/A,7865,0.00%,Viñedo experimental para uva de vino - de conservación,
,GERANIO,#N/A,7604,0.00%,Geranio,
,FAGIOLO DI SPAGNA,#N/A,7592,0.00%,Frijol de España,
,PINO MARITTIMO,#N/A,7380,0.00%,Pino marítimo,
,CIPOLLA IBRIDA PER LA PRODUZIONE DI SEME,#N/A,6625,0.00%,Cebolla híbrida para la producción de semilla,
,SCALOGNO PER LA PRODUZIONE DI SEME,#N/A,6460,0.00%,Escalonia para la producción de semilla,
,GERBERA,#N/A,5750,0.00%,Gerbera,
,OLIVE DA OLIO - DA CONSERVAZIONE,#N/A,5170,0.00%,Aceitunas para aceite - para conservación,
,FESTUCA PER LA PRODUZIONE DI SEME (SP. FESTUCA OVINA L.),#N/A,5075,0.00%,Festuca para la producción de semilla (esp. Festuca ovina L.),
,SCAGLIOLA - DA FORAGGIO,#N/A,4630,0.00%,Escagliola - de forraje,
,FICUS BENJAMINA,#N/A,4546,0.00%,Ficus benjamina,
,RAFANO - DA SEME,#N/A,4230,0.00%,Rábano - de semilla,
,FESTUCA PER LA PRODUZIONE DI SEME (SP. FESTUCA RUBRA L.),#N/A,3779,0.00%,Festuca para la producción de semilla (esp. Festuca rubra L.),
,GRANO TURANICUM O FRUMENTO ORIENTALE O GRANO KHORASAN DA SEME,#N/A,3646,0.00%,Trigo turánico o trigo oriental o trigo Khorasan de semilla,
,FESTUCADA FORAGGIO (SP. FESTUCA OVINA L.),#N/A,3350,0.00%,Festuca de forraje (esp. Festuca ovina L.),
,STATICE,#N/A,3292,0.00%,Estatice,
,BERGAMOTTO,#N/A,2571,0.00%,Bergamota,
,ORTENSIA,#N/A,2540,0.00%,Hortensia,
,PITTOSPORO,#N/A,2000,0.00%,Pittosporo,
,GRANTURCO (MAIS)DA POPCORN PER LA PRODUZIONE DI SEME,#N/A,1771,0.00%,Maíz (maíz) para palomitas de maíz para la producción de semilla,
,STELLA ALPINA,#N/A,1752,0.00%,Stella alpina,
,LUPOLINA PER LA PRODUZIONE DI SEME (SP. MEDICAGO LUPOLINA L.),#N/A,1698,0.00%,Lupulina para la producción de semilla (esp. Medicago lupulina L.),
,LINO PER LA PRODUZIONE DI SEME (SP. LINUM USITATISSIMUM L. (LINO TESSILE)),#N/A,1656,0.00%,Lino para la producción de semilla (esp. Linum usitatissimum L. (Lino textil)),
,TRITORDEUM - DA FORAGGIO,#N/A,1452,0.00%,Tritordeum - de forraje,
,AGROSTIDE PER LA PRODUZIONE DI SEME (SP. AGROSTIS CANINA L.),#N/A,1367,0.00%,Agrostis para la producción de semilla (esp. Agrostis canina L.),
,LUPINELLA PER LA PRODUZIONE DI SEME (SP. ONOBRICHIS VICIIFOLIA SCOP.),#N/A,1242,0.00%,Lupinella para la producción de semilla (esp. Onobrichis viciifolia Scop.),
,AGAPANTO,#N/A,1054,0.00%,Agapanto,
,ASPIDISTRA,#N/A,1035,0.00%,Aspidistra,
,IPECACUANHA,#N/A,640,0.00%,Ipecacuana,
